1.2303559,-11.1622490,1.0000000
1.0261425,16.0973231,1.0000000
1.1544228,5.0816764,1.0000000
0.6442753,-5.0953807,1.0000000
1.0059009,2.2434272,1.0000000
0.9795355,12.1984176,1.0000000
0.6287432,13.7232422,1.0000000
1.2707519,-8.8794631,1.0000000
0.4765595,-10.8249554,1.0000000
0.9169938,-7.0111625,1.0000000
1.1717933,1.1994661,1.0000000
1.1450910,-12.0038568,1.0000000
1.2068495,-13.2983065,1.0000000
1.0343616,3.0132425,1.0000000
0.8774745,10.5177950,1.0000000
0.9813308,-1.5566649,1.0000000
1.0305123,4.4797158,1.0000000
1.2104227,-19.0450274,1.0000000
1.3461241,6.7441889,1.0000000
0.9754473,7.2721150,1.0000000
0.8471185,0.0228271,1.0000000
0.8261486,4.6402471,1.0000000
0.5536487,-2.9431762,1.0000000
0.7556705,11.1495499,1.0000000
0.9851967,-25.6945239,1.0000000
0.8621264,2.0188277,1.0000000
0.7197758,14.8238842,1.0000000
0.8447512,5.9241622,1.0000000
0.9919047,-9.4247486,1.0000000
1.0450992,-12.8390028,1.0000000
1.0119009,-6.6146962,1.0000000
0.7443370,-14.1233042,1.0000000
0.8531196,4.5992162,1.0000000
0.7594255,8.0240130,1.0000000
0.5875704,11.2257852,1.0000000
1.2422773,7.8525742,1.0000000
0.9826149,6.3437139,1.0000000
1.0161472,5.4034580,1.0000000
1.1808992,-0.1461762,1.0000000
1.1737869,21.7293935,1.0000000
1.2176200,-5.5987771,1.0000000
1.3312470,0.9749177,1.0000000
0.9580798,-17.9901724,1.0000000
0.9740265,3.1448756,1.0000000
1.0612688,8.3265289,1.0000000
0.8478651,7.8319405,1.0000000
0.9429081,-11.8734385,1.0000000
0.7761381,-9.2231037,1.0000000
0.7686843,-4.2130943,1.0000000
0.7851877,-16.8954696,1.0000000
0.9158489,-5.9661936,1.0000000
0.9845312,-14.6762139,1.0000000
1.1062661,3.4510390,1.0000000
0.8531002,0.5695771,1.0000000
1.1286980,-3.9601156,1.0000000
0.9285133,-1.2313250,1.0000000
1.0751202,17.2924292,1.0000000
0.7359108,17.7271806,1.0000000
0.9812419,-7.8322285,1.0000000
1.2284982,-2.4119911,1.0000000
0.9686327,-5.4958428,1.0000000
0.8221164,-20.2656475,1.0000000
1.3530014,-7.8908370,1.0000000
1.2758836,-4.0702294,1.0000000
1.1201461,-5.2543372,1.0000000
1.2008654,-4.3592048,1.0000000
1.0147425,10.7527743,1.0000000
1.3055974,2.0157442,1.0000000
1.1145867,9.1348298,1.0000000
0.9831386,1.1327302,1.0000000
1.2828145,-17.7704107,1.0000000
0.7806274,-12.6665317,1.0000000
1.2441723,6.0961680,1.0000000
0.9022375,-14.3521786,1.0000000
1.0009638,-12.1000577,1.0000000
1.3730175,-11.5534412,1.0000000
1.2356550,-4.9176451,1.0000000
1.3688526,0.2242739,1.0000000
0.8040115,-4.6810049,1.0000000
0.8998347,-15.4869364,1.0000000
0.7819031,2.5910527,1.0000000
1.0411440,2.6463286,1.0000000
1.2978551,0.8928504,1.0000000
1.0711634,1.3476249,1.0000000
1.1379375,6.3874263,1.0000000
1.2198138,15.2186430,1.0000000
0.9066118,14.1982744,1.0000000
1.1682909,17.3070332,1.0000000
1.1003745,3.9667551,1.0000000
1.1540994,9.5920716,1.0000000
1.3019255,13.2382588,1.0000000
0.7509171,-7.4487126,1.0000000
0.8620493,-1.0691104,1.0000000
1.5736521,0.7242481,1.0000000
1.3262437,-10.1004475,1.0000000
1.2651429,7.9344793,1.0000000
1.0110583,9.4877091,1.0000000
0.8559125,-5.6963150,1.0000000
0.9655132,5.7550094,1.0000000
1.1684856,-9.0162627,1.0000000
1.0129356,-6.9596885,1.0000000
0.7639648,-4.1880972,1.0000000
0.9298914,-14.4010570,1.0000000
1.1895032,-2.6229572,1.0000000
0.9702491,-16.6534480,1.0000000
0.9895980,-7.1128312,1.0000000
1.1864806,-5.5277144,1.0000000
1.0186421,-8.0816326,1.0000000
0.9673077,-8.8001111,1.0000000
1.2803478,3.8594277,1.0000000
0.5154235,1.2050864,1.0000000
1.0333215,-4.9746867,1.0000000
0.9511656,2.7442728,1.0000000
0.8099294,-2.1415741,1.0000000
0.8830089,-22.2054922,1.0000000
1.1054919,-12.9494823,1.0000000
0.7786415,-6.7059475,1.0000000
0.9171783,0.0683863,1.0000000
0.9291182,12.8526879,1.0000000
0.9708937,-12.2617037,1.0000000
1.1964913,-1.4752911,1.0000000
1.1632858,-10.4808629,1.0000000
0.7097389,4.5481804,1.0000000
0.8902844,-0.2030462,1.0000000
1.3870290,10.6814137,1.0000000
1.0819863,3.6834348,1.0000000
0.7656360,-3.6395429,1.0000000
1.2293750,-12.8068163,1.0000000
1.4329826,-1.0194998,1.0000000
1.0123723,27.3456147,1.0000000
0.9641154,-10.9861514,1.0000000
1.0031070,2.1995694,1.0000000
1.1722698,-12.1592034,1.0000000
1.0935864,9.7923420,1.0000000
1.1603691,5.7773023,1.0000000
0.9069520,-1.0435948,1.0000000
1.2663887,-13.3911465,1.0000000
1.0440761,-0.0963173,1.0000000
1.0052921,6.0057804,1.0000000
0.8504280,7.8781661,1.0000000
1.4391118,-7.0792976,1.0000000
1.1787560,-19.3047833,1.0000000
0.8756335,5.7531421,1.0000000
1.0682169,-12.9560196,1.0000000
0.9260892,-2.4503937,1.0000000
1.1073823,0.0877411,1.0000000
1.3156981,0.0024845,1.0000000
1.0850942,6.0401329,1.0000000
0.9674256,-8.3253004,1.0000000
0.8879438,-7.8013167,1.0000000
1.4022536,-4.9774738,1.0000000
0.8386662,-10.1121426,1.0000000
1.0798687,9.9427502,1.0000000
1.1827413,6.2352747,1.0000000
0.8838029,12.5516304,1.0000000
1.1847279,10.3586289,1.0000000
1.0662865,10.7617611,1.0000000
1.0989583,-0.7790486,1.0000000
0.7817575,-6.0881012,1.0000000
0.8450320,4.1065555,1.0000000
1.1007033,-8.3601142,1.0000000
1.0972084,15.5708570,1.0000000
1.5122845,1.6208437,1.0000000
0.9154171,-22.2590604,1.0000000
1.4118769,-18.2815123,1.0000000
0.8886240,-6.4393656,1.0000000
0.9021227,-20.0768689,1.0000000
0.9146390,10.7176480,1.0000000
1.2089116,5.8763147,1.0000000
1.1267052,-6.1619630,1.0000000
1.1108336,-18.7413955,1.0000000
0.7980336,6.1168546,1.0000000
1.3436632,-11.9219285,1.0000000
1.1613484,10.3248366,1.0000000
1.2542045,-0.7597907,1.0000000
0.8997442,12.6501499,1.0000000
1.1438337,0.0534645,1.0000000
0.8558253,-23.2647198,1.0000000
1.2229621,-0.7985193,1.0000000
0.9217236,1.4501120,1.0000000
0.9763096,-15.7207328,1.0000000
0.9671474,-3.3959845,1.0000000
0.9669439,-5.8000266,1.0000000
0.9855361,6.8611764,1.0000000
1.2036152,-1.7331458,1.0000000
0.8193982,0.2831436,1.0000000
1.1225663,0.7183319,1.0000000
0.7846220,12.4142567,1.0000000
0.9249215,21.2446028,1.0000000
0.9362463,2.4908033,1.0000000
1.0845525,24.6445253,1.0000000
0.8832289,-18.1054094,1.0000000
1.0642255,-14.4339134,1.0000000
0.7813457,-0.8443629,1.0000000
1.1826971,13.6630874,1.0000000
0.8003246,-3.4513771,1.0000000
0.8131504,-1.2252731,1.0000000
1.1914881,-3.3776126,1.0000000
1.0502277,14.6476333,1.0000000
0.7853969,-19.8680264,1.0000000
1.1615140,-5.0756291,1.0000000
0.8786504,3.6674252,1.0000000
1.1960878,-11.0377730,1.0000000
1.1815540,-3.5060683,1.0000000
0.8399595,11.3935565,1.0000000
1.2227611,-1.7109266,1.0000000
1.2120807,5.2603517,1.0000000
0.9824220,5.2630116,1.0000000
0.8316288,-6.2405464,1.0000000
0.9555299,-9.8744896,1.0000000
0.6426552,12.3374425,1.0000000
0.9880861,5.4262251,1.0000000
0.9609234,0.8691948,1.0000000
1.1604093,-0.7767822,1.0000000
0.8759571,-0.7712316,1.0000000
1.1817524,6.5968404,1.0000000
1.2947335,-4.3702367,1.0000000
0.9301193,-6.4301815,1.0000000
0.6197579,-4.0879551,1.0000000
0.9444470,0.0058068,1.0000000
0.9826545,-8.5450898,1.0000000
1.0938019,12.8006522,1.0000000
0.5073242,8.6524341,1.0000000
1.0443085,20.7287581,1.0000000
1.0388403,-19.9239939,1.0000000
1.0576704,0.0698605,1.0000000
0.9127717,-9.8324742,1.0000000
1.4679588,0.7567052,1.0000000
0.8906995,-7.4061942,1.0000000
1.0967027,8.7143404,1.0000000
0.9761970,13.4409756,1.0000000
1.2830392,1.7250217,1.0000000
1.0735415,-0.3022279,1.0000000
1.1040663,-15.5364676,1.0000000
0.8229130,-13.7976691,1.0000000
0.6958759,18.2815534,1.0000000
0.7899961,-8.2877776,1.0000000
1.3352903,0.5238550,1.0000000
1.3772493,-31.5432245,1.0000000
1.1318840,-0.1875451,1.0000000
0.9813451,-5.9659814,1.0000000
0.8858383,6.4957490,1.0000000
1.1054475,-4.7377295,1.0000000
0.7378006,-3.1104086,1.0000000
1.1580096,5.1599531,1.0000000
0.9548501,6.1337915,1.0000000
0.7939452,0.2791015,1.0000000
1.2882653,-3.5486562,1.0000000
1.2111642,-3.3723377,1.0000000
0.7129528,-3.7469179,1.0000000
1.1011666,20.3871325,1.0000000
1.0310184,-7.6444437,1.0000000
1.2344190,3.0109544,1.0000000
0.7093683,3.5240119,1.0000000
0.7728369,14.0298213,1.0000000
1.2049114,9.2288063,1.0000000
0.7405329,-0.1185754,1.0000000
0.9679531,-5.8806791,1.0000000
1.3031539,-7.8665978,1.0000000
1.1441670,-19.9982567,1.0000000
1.2488503,17.7151886,1.0000000
0.7902336,13.4620963,1.0000000
0.5432268,-0.6995838,1.0000000
0.7167814,25.8432892,1.0000000
0.9982452,-2.2664735,1.0000000
1.0555850,17.5654219,1.0000000
1.1639438,-13.1763160,1.0000000
1.0044762,2.1053420,1.0000000
0.5607701,-7.2972300,1.0000000
0.9729397,3.8725405,1.0000000
0.8976507,1.6225937,1.0000000
1.4281913,7.2000810,1.0000000
0.8213085,4.3346617,1.0000000
0.7948430,11.2923073,1.0000000
1.1956421,21.5660775,1.0000000
0.8453556,0.1061092,1.0000000
0.9964980,-10.9772301,1.0000000
0.9873783,12.3134939,1.0000000
0.7072942,15.6637214,1.0000000
0.9441376,-4.6176351,1.0000000
0.7277072,2.0869475,1.0000000
0.9237270,1.0269982,1.0000000
0.9492201,2.2254559,1.0000000
0.9423793,4.7722951,1.0000000
0.9247106,1.1768815,1.0000000
0.9272297,9.3211292,1.0000000
0.7384159,6.1566835,1.0000000
0.8357623,-11.1713015,1.0000000
1.1377466,-19.8198053,1.0000000
1.0609771,-1.5837808,1.0000000
1.0210488,-9.7500995,1.0000000
0.8930701,10.4041595,1.0000000
1.1812981,-7.0578767,1.0000000
0.7342747,-9.3220296,1.0000000
1.0217231,-11.7447512,1.0000000
0.7540987,16.0200506,1.0000000
1.3743753,4.6118795,1.0000000
1.2782781,-6.1676980,1.0000000
0.8080295,20.2470307,1.0000000
1.1067213,1.8522420,1.0000000
0.7545354,-0.8791214,1.0000000
0.6853248,4.0454902,1.0000000
0.7829124,1.7346798,1.0000000
1.0516007,5.5830878,1.0000000
1.2561225,6.2009942,1.0000000
1.1441901,6.0290754,1.0000000
0.6435427,-3.8843313,1.0000000
1.1214262,5.6550338,1.0000000
0.7027252,9.9990753,1.0000000
1.0961204,6.4629125,1.0000000
0.9867067,-5.9361466,1.0000000
0.8187177,7.4039391,1.0000000
1.0891346,-5.8952025,1.0000000
0.6735499,-15.7261132,1.0000000
1.3010132,6.7868233,1.0000000
0.6653457,10.9891737,1.0000000
0.6472079,-5.9515451,1.0000000
1.1079114,2.6607747,1.0000000
1.1845411,4.6957422,1.0000000
0.8341987,-2.2953052,1.0000000
0.9983530,2.1066930,1.0000000
0.9715378,1.3336186,1.0000000
0.8267195,0.3450578,1.0000000
1.3014648,13.8453346,1.0000000
1.2541593,-5.7405617,1.0000000
1.2730586,8.9455218,1.0000000
0.9095418,-15.4753931,1.0000000
0.7027891,0.9612545,1.0000000
0.8739547,-5.1648226,1.0000000
1.1690860,2.8041303,1.0000000
1.0391268,-10.7092872,1.0000000
0.8866929,10.0558468,1.0000000
0.7626070,-8.7758038,1.0000000
0.8703107,6.4606422,1.0000000
1.0447742,5.1546008,1.0000000
1.0875493,-10.6224156,1.0000000
0.8338674,-15.3389223,1.0000000
1.1621522,-5.1081998,1.0000000
1.0054793,-1.8209820,1.0000000
0.7584419,-2.4415105,1.0000000
0.9332997,11.7705756,1.0000000
0.9237209,0.6486365,1.0000000
1.1545443,-6.8492434,1.0000000
0.9707068,-11.9148524,1.0000000
0.7211017,-13.3799978,1.0000000
1.1786155,3.5957879,1.0000000
1.1870966,3.1095577,1.0000000
1.0337383,-7.3161913,1.0000000
0.8007461,-13.8409807,1.0000000
0.7174143,-2.8909605,1.0000000
1.0425167,-12.8502816,1.0000000
0.6842101,8.6039646,1.0000000
0.9929766,5.2240949,1.0000000
1.0465266,-6.6647327,1.0000000
0.5160662,10.9490866,1.0000000
0.9470275,0.1747297,1.0000000
1.0361327,-11.7043439,1.0000000
0.9996669,-6.5384261,1.0000000
0.7486005,4.9415250,1.0000000
0.8917662,9.8716480,1.0000000
1.0384171,-3.6867043,1.0000000
1.0784918,-0.7497543,1.0000000
1.0090005,8.7915188,1.0000000
0.4236786,7.0908572,1.0000000
1.2646851,7.4426373,1.0000000
1.0758365,4.0844152,1.0000000
1.0088676,11.0251773,1.0000000
0.7637734,-11.7643277,1.0000000
1.1080556,12.3169572,1.0000000
0.7057023,5.9509547,1.0000000
1.3971255,-1.2920393,1.0000000
0.9515916,-3.8057704,1.0000000
1.1006803,2.1562277,1.0000000
1.5521814,2.0222926,1.0000000
0.9086405,-1.1284728,1.0000000
0.9692224,-8.4943069,1.0000000
0.8511181,-22.4981986,1.0000000
0.8459220,5.5615786,1.0000000
0.8607594,5.2766625,1.0000000
0.9911417,1.2103746,1.0000000
1.1710055,-16.7332460,1.0000000
1.3016728,5.3054309,1.0000000
1.1224347,6.5704791,1.0000000
1.2876019,9.3138771,1.0000000
0.9535346,5.6276555,1.0000000
1.2322603,-3.3436197,1.0000000
0.9508208,-1.5313516,1.0000000
0.8711628,-0.0323218,1.0000000
1.0392663,-1.7173996,1.0000000
1.3526607,-2.9727323,1.0000000
0.6982967,6.9943382,1.0000000
0.9706857,12.8148742,1.0000000
1.0808689,0.1995541,1.0000000
1.5363394,3.2496251,1.0000000
1.2488267,-15.1479752,1.0000000
1.1588980,21.4138921,1.0000000
0.9617172,-5.0328528,1.0000000
0.8542180,10.9585545,1.0000000
0.7350407,1.4888010,1.0000000
1.0930569,-6.4662169,1.0000000
0.9893299,8.9495378,1.0000000
0.9729390,-11.1923256,1.0000000
0.9661071,5.9320234,1.0000000
0.9684787,10.5949709,1.0000000
0.5998577,5.7429866,1.0000000
1.0381223,-3.6548592,1.0000000
0.7853144,-3.6627504,1.0000000
1.1237425,13.0581461,1.0000000
1.4352817,1.1509252,1.0000000
1.0390547,-14.9023682,1.0000000
0.9433682,8.1128994,1.0000000
1.2216729,-10.9033100,1.0000000
1.1478500,-0.8109945,1.0000000
0.8536620,16.4982787,1.0000000
1.0029519,34.6449629,1.0000000
1.3178724,3.1586076,1.0000000
1.0228381,16.5496723,1.0000000
1.0314767,-5.2687986,1.0000000
0.7658107,12.8409629,1.0000000
0.7779436,8.3253638,1.0000000
1.0798399,-2.1101205,1.0000000
1.3103695,-1.1118207,1.0000000
1.2980846,-2.7734927,1.0000000
0.7903749,13.4505182,1.0000000
1.0027671,-23.4898071,1.0000000
0.9135738,-13.6394168,1.0000000
1.1483025,-1.7629542,1.0000000
1.0028295,2.7056822,1.0000000
0.8625032,-1.9521207,1.0000000
1.0137510,-6.6119458,1.0000000
1.0387343,5.5073223,1.0000000
0.5364458,-0.7819166,1.0000000
1.1720529,-8.4521810,1.0000000
1.0884983,5.0525752,1.0000000
1.1430324,-2.7456572,1.0000000
1.3778408,4.0563790,1.0000000
1.3695763,2.0926299,1.0000000
1.5139910,1.0518975,1.0000000
1.1113126,-22.0473087,1.0000000
1.2792310,0.6030637,1.0000000
1.2441847,9.5997631,1.0000000
0.9124100,-7.1149147,1.0000000
0.8148912,-1.2840991,1.0000000
0.8770283,-1.8136327,1.0000000
1.0662188,-9.5326599,1.0000000
1.4900132,-6.5359022,1.0000000
1.2427316,24.8526884,1.0000000
1.0468497,-6.1286656,1.0000000
0.5662154,4.5466639,1.0000000
1.0281974,-4.3911801,1.0000000
1.3042111,1.2417755,1.0000000
0.9791847,6.2438628,1.0000000
0.7681072,-12.3961045,1.0000000
0.9978086,-7.0195820,1.0000000
1.1404657,-19.7014019,1.0000000
1.3145724,-15.4452619,1.0000000
0.9760829,-9.1380799,1.0000000
1.0128414,17.1405851,1.0000000
1.2174065,20.8037229,1.0000000
1.0081086,-13.3130921,1.0000000
1.0394382,-0.5965404,1.0000000
1.1829298,0.4778587,1.0000000
0.8046436,9.5611298,1.0000000
0.9558412,-0.4884389,1.0000000
0.8250395,-8.3853324,1.0000000
0.8961467,-29.8228215,1.0000000
0.7659496,-19.6487822,1.0000000
1.0393490,1.1489319,1.0000000
1.2228038,11.6370237,1.0000000
1.0956355,11.4751212,1.0000000
0.9384192,3.5995594,1.0000000
1.0310312,-16.0690635,1.0000000
1.0500736,14.1507306,1.0000000
1.0159855,-11.9405558,1.0000000
0.8568628,-8.8674642,1.0000000
1.1512113,-15.1506313,1.0000000
0.6059456,-0.4193196,1.0000000
1.3438162,14.1692957,1.0000000
0.8657520,5.5523679,1.0000000
1.0910687,-5.9626379,1.0000000
1.1821218,10.5742014,1.0000000
1.4021535,9.3069852,1.0000000
0.7795279,15.2933607,1.0000000
1.1534939,-2.3443613,1.0000000
1.2695146,13.6520223,1.0000000
1.1657556,-1.7581552,1.0000000
0.9636838,-22.6522755,1.0000000
0.8675104,-6.5030736,1.0000000
0.7705013,3.0667998,1.0000000
1.0883783,1.1384369,1.0000000
1.1754036,9.2804823,1.0000000
1.0965145,5.2023671,1.0000000
1.0523730,-3.7419254,1.0000000
0.9310741,-35.2120654,1.0000000
1.6134385,3.5430820,1.0000000
1.0976261,-15.0371946,1.0000000
1.1313014,-10.8987752,1.0000000
0.8171421,-8.8148656,1.0000000
1.1705045,14.1616562,1.0000000
0.9722288,-16.7126265,1.0000000
0.9867450,2.9277022,1.0000000
1.0398984,15.3933276,1.0000000
1.2169149,7.6978784,1.0000000
0.8748702,11.8308644,1.0000000
1.1715164,1.1923906,1.0000000
0.7656351,-9.2756504,1.0000000
1.1150977,0.5181801,1.0000000
1.1763608,17.8874723,1.0000000
1.0832201,-2.8088030,1.0000000
1.2087335,20.7632347,1.0000000
0.6902273,-1.8891239,1.0000000
1.0586581,-19.0277871,1.0000000
0.6682044,-6.1554030,1.0000000
1.0655418,14.0644941,1.0000000
1.1788072,11.5530462,1.0000000
1.0992049,-1.9222173,1.0000000
0.7958521,2.8573822,1.0000000
0.8838282,-14.8208694,1.0000000
0.9545051,4.8540872,1.0000000
0.5488583,-0.4693984,1.0000000
0.9440631,16.4264754,1.0000000
0.7145557,4.9853036,1.0000000
1.0306981,-7.8788787,1.0000000
0.9604715,-10.5096112,1.0000000
0.7899128,8.2421182,1.0000000
0.9277699,3.6248754,1.0000000
0.7271915,4.7258926,1.0000000
0.9585919,11.0276590,1.0000000
1.0933965,-7.4523887,1.0000000
1.2399866,1.2795430,1.0000000
0.9005484,-14.6966531,1.0000000
0.9218567,10.9596158,1.0000000
1.0387788,-14.3797734,1.0000000
1.2171299,17.4621021,1.0000000
0.9985483,-14.6476064,1.0000000
0.6508995,-0.8433647,1.0000000
1.1380791,-1.5026635,1.0000000
0.9917415,-4.2310560,1.0000000
1.3268352,-8.0791691,1.0000000
1.1367333,-11.3674201,1.0000000
1.0586420,-9.1914006,1.0000000
0.8212941,-11.3320934,1.0000000
0.8714178,13.9735911,1.0000000
0.9422025,-15.0182299,1.0000000
1.1055818,8.7224717,1.0000000
0.8941533,3.4858148,1.0000000
0.9787479,0.0472470,1.0000000
0.9414142,5.7569984,1.0000000
1.0948877,-2.9534433,1.0000000
0.8389363,-6.2965950,1.0000000
0.8625355,17.7850751,1.0000000
0.9900813,-12.0666944,1.0000000
0.7905895,-7.6542218,1.0000000
1.1948728,-12.9402604,1.0000000
1.0684153,27.0976515,1.0000000
0.9292948,-11.8570361,1.0000000
0.8396918,-6.3422115,1.0000000
1.5311137,-20.1046880,1.0000000
0.9448210,-6.6051331,1.0000000
1.0473852,2.8084871,1.0000000
0.7728160,-5.8853489,1.0000000
0.6878034,1.0415012,1.0000000
1.3893030,-3.6916613,1.0000000
0.7098235,8.8098260,1.0000000
0.8876211,-4.3026294,1.0000000
0.9526330,6.8898687,1.0000000
0.7932443,-15.3292008,1.0000000
1.0861665,8.1977498,1.0000000
1.0505312,10.5602157,1.0000000
0.9803023,10.0181417,1.0000000
0.8509140,0.1227615,1.0000000
0.8089807,12.2827663,1.0000000
0.9523836,-0.5907150,1.0000000
0.9053417,8.8267743,1.0000000
0.8691194,3.8163777,1.0000000
0.8432487,3.5982833,1.0000000
0.6455720,-3.8180897,1.0000000
1.0657167,0.6336028,1.0000000
0.8057401,-5.9038708,1.0000000
1.1509281,-8.2286137,1.0000000
0.8598330,-5.8892061,1.0000000
0.6072907,0.1232755,1.0000000
0.8606900,-11.5907003,1.0000000
0.8588555,-2.6055817,1.0000000
0.9524234,-1.2173882,1.0000000
1.2469052,-13.3702626,1.0000000
1.1291004,-27.0901237,1.0000000
1.3423767,-6.5237364,1.0000000
1.1785035,-3.8718605,1.0000000
1.0419023,-16.3504767,1.0000000
1.0712098,-18.3430973,1.0000000
0.9683743,-11.9339737,1.0000000
0.9152035,0.3351953,1.0000000
1.1215892,1.0753028,1.0000000
1.2263537,14.7432459,1.0000000
1.0459983,13.4973982,1.0000000
1.1805615,-16.2349757,1.0000000
1.1015482,-7.3187606,1.0000000
1.2791035,4.2422491,1.0000000
1.0556853,7.7975470,1.0000000
0.7416249,8.3268739,1.0000000
1.0613485,-7.1794546,1.0000000
1.2826416,-4.8467803,1.0000000
1.1386859,0.1432825,1.0000000
0.7574056,-8.7072825,1.0000000
1.1028600,-1.2674994,1.0000000
1.1040713,-10.7933584,1.0000000
1.2735866,10.6799301,1.0000000
0.8290706,2.0736722,1.0000000
0.7593583,-27.3460313,1.0000000
1.2155911,1.9249718,1.0000000
0.9980466,2.1212145,1.0000000
0.7990198,10.5906302,1.0000000
1.3127122,-4.5016614,1.0000000
1.0888381,-3.2597341,1.0000000
1.0017066,-14.4231429,1.0000000
1.2533041,6.9936874,1.0000000
1.3715399,-4.9201405,1.0000000
0.8962260,5.6089324,1.0000000
1.0157804,-21.4757374,1.0000000
1.2490560,3.8023055,1.0000000
0.7911212,-11.6046266,1.0000000
0.8466773,9.6497402,1.0000000
1.1680730,-3.8039855,1.0000000
1.1898117,-4.5695870,1.0000000
0.8787375,6.9115955,1.0000000
1.0656838,10.0962618,1.0000000
1.2242415,8.0549012,1.0000000
0.9797915,14.3359199,1.0000000
1.0814756,3.2066683,1.0000000
1.2310037,-2.6162830,1.0000000
1.1848716,1.9626436,1.0000000
1.1851414,-13.5856980,1.0000000
1.0666291,-11.1985289,1.0000000
0.9333087,-8.7665766,1.0000000
1.0791636,-21.3690879,1.0000000
0.6750836,6.8995805,1.0000000
0.8677511,6.9552748,1.0000000
1.6259783,-28.6955079,1.0000000
0.8505879,-1.1759300,1.0000000
0.8364638,-8.6012469,1.0000000
1.1298657,-4.4057418,1.0000000
0.8896086,16.5528349,1.0000000
1.0910254,-12.9993674,1.0000000
1.1949769,-10.7610829,1.0000000
1.0708686,-5.1238237,1.0000000
1.0876143,-3.0479842,1.0000000
1.3071900,-14.2207135,1.0000000
0.6988119,-2.2421030,1.0000000
1.0517914,-10.7831726,1.0000000
1.1584477,5.1013403,1.0000000
0.9551877,-0.9566366,1.0000000
0.8136881,-13.9499600,1.0000000
1.1333946,9.5507369,1.0000000
1.3931680,-18.5612566,1.0000000
1.0841873,26.9133854,1.0000000
0.6574089,12.5686472,1.0000000
1.1463935,8.1014804,1.0000000
1.1101723,-5.3482279,1.0000000
1.0177982,-5.6942487,1.0000000
1.1051704,-4.6188217,1.0000000
0.9279601,-6.2329292,1.0000000
0.8107878,-12.7565644,1.0000000
0.9757025,-3.6247460,1.0000000
1.3388846,3.3068728,1.0000000
0.7908837,5.6563011,1.0000000
0.8457186,-14.7389913,1.0000000
1.0601052,0.4098540,1.0000000
1.0371229,-3.6386728,1.0000000
1.0456184,-0.7417815,1.0000000
1.0742478,-8.7514305,1.0000000
1.1356561,-12.4023346,1.0000000
0.6987207,12.3302389,1.0000000
1.1694921,-10.5389034,1.0000000
0.9113667,-17.2213052,1.0000000
1.2734836,-0.6176824,1.0000000
0.9977542,7.3022136,1.0000000
0.7525259,-10.9370203,1.0000000
1.0497570,-9.1360376,1.0000000
0.6040380,-1.3615428,1.0000000
0.8611054,-1.6925819,1.0000000
1.2404369,2.5386093,1.0000000
1.0512996,6.6979986,1.0000000
1.2140473,4.6518062,1.0000000
0.9734714,-4.2801110,1.0000000
1.2730301,-0.7816027,1.0000000
0.5576383,-4.3086497,1.0000000
1.0479994,9.6967398,1.0000000
1.0216094,6.8526223,1.0000000
0.8239369,-12.0303138,1.0000000
0.9043348,2.0444350,1.0000000
0.8707774,-13.0338149,1.0000000
1.0195465,5.0205305,1.0000000
1.2374633,-11.9649176,1.0000000
0.9964896,0.8770578,1.0000000
1.0976453,5.3420362,1.0000000
1.1198606,-7.9575179,1.0000000
0.5696944,-4.4455656,1.0000000
1.1717639,1.6620045,1.0000000
0.9972029,13.7432886,1.0000000
1.2836903,-8.7752445,1.0000000
1.0513179,14.6875586,1.0000000
0.9058480,-3.0441786,1.0000000
0.4574934,1.6824761,1.0000000
1.1472639,2.5940498,1.0000000
1.1918366,2.0980236,1.0000000
0.7926701,4.1491629,1.0000000
0.8481988,2.4700102,1.0000000
0.9088482,2.9589536,1.0000000
1.0753283,6.3640251,1.0000000
1.1441657,2.3422976,1.0000000
0.6900739,-2.0036294,1.0000000
1.1323987,-11.4287844,1.0000000
0.7940586,7.4709782,1.0000000
0.8327003,-1.4490991,1.0000000
0.9149711,7.5058757,1.0000000
0.8762362,-6.2854338,1.0000000
1.0332862,3.4154594,1.0000000
1.3043022,6.2205870,1.0000000
1.2551797,-8.0397845,1.0000000
0.9686252,-4.8626513,1.0000000
1.1668198,5.3733118,1.0000000
1.0280179,0.0408913,1.0000000
1.6876057,-8.2855469,1.0000000
0.8693477,-12.1331599,1.0000000
1.1037582,6.5725425,1.0000000
1.0281755,3.7212080,1.0000000
1.2036230,-2.6927178,1.0000000
0.7342509,-7.7060865,1.0000000
0.8899590,0.3419099,1.0000000
0.9238416,1.8484438,1.0000000
0.6819519,-1.3179759,1.0000000
1.1060605,-4.6711745,1.0000000
1.0539999,-9.7663129,1.0000000
1.2213585,17.6767660,1.0000000
0.8814411,2.3767702,1.0000000
0.9077094,-0.4589520,1.0000000
1.0583889,-4.5623621,1.0000000
0.5962586,-17.7519846,1.0000000
1.1120207,27.2334272,1.0000000
0.5925509,6.5691549,1.0000000
0.6404402,-17.0546538,1.0000000
0.9035736,-6.8738099,1.0000000
0.9138862,7.7424764,1.0000000
1.0418336,10.0733532,1.0000000
0.8729036,-6.1974473,1.0000000
0.7943246,-3.4559358,1.0000000
0.9732891,15.1911051,1.0000000
1.3294179,-1.6946301,1.0000000
0.9446707,8.4541718,1.0000000
0.9348520,12.7874791,1.0000000
0.9369324,2.1610674,1.0000000
1.3186079,-12.6219457,1.0000000
1.2797394,-10.7187828,1.0000000
1.1670253,-3.3573675,1.0000000
1.0572101,-1.3686328,1.0000000
1.0374595,-11.2730376,1.0000000
1.1411026,4.1962748,1.0000000
0.6872135,7.5503017,1.0000000
1.2194075,20.5166845,1.0000000
1.1173994,11.0907168,1.0000000
0.8486918,-7.4773004,1.0000000
1.1470416,13.7390342,1.0000000
0.9625582,5.0693940,1.0000000
1.1596224,-6.2210074,1.0000000
1.2401542,-3.7447093,1.0000000
0.7191594,0.0490660,1.0000000
0.9016915,-8.2283483,1.0000000
0.7173712,9.1190943,1.0000000
0.6060587,9.3246427,1.0000000
0.8289804,-7.0180125,1.0000000
0.9925325,-2.5151068,1.0000000
1.0019449,-3.8143754,1.0000000
0.6308927,0.7167861,1.0000000
1.0774980,6.3221980,1.0000000
0.9834331,3.7418226,1.0000000
0.8701278,-6.3302787,1.0000000
0.9046669,-9.0346968,1.0000000
0.6131564,-5.4937298,1.0000000
0.9403570,-7.7415476,1.0000000
0.7335848,-5.5849080,1.0000000
0.9186264,-10.6845257,1.0000000
0.7717243,2.3832436,1.0000000
1.0540004,8.1513467,1.0000000
1.0152074,3.8771214,1.0000000
1.2109252,10.7958143,1.0000000
0.8548303,-5.5396186,1.0000000
1.5363014,-1.8244884,1.0000000
1.1021962,0.5533534,1.0000000
1.0171028,-6.6206261,1.0000000
1.0834897,8.5449940,1.0000000
1.0684477,-16.0139979,1.0000000
0.6372436,-13.0572365,1.0000000
1.0556465,-8.4589414,1.0000000
1.0801698,10.6838236,1.0000000
1.5985009,1.0871662,1.0000000
1.0127397,4.0543559,1.0000000
1.2353350,8.3597018,1.0000000
0.8548396,-2.3771962,1.0000000
0.9533584,-13.5433493,1.0000000
1.0221293,-1.9566544,1.0000000
0.7829353,-4.3003606,1.0000000
1.2295907,16.3315917,1.0000000
0.9283771,-1.8755247,1.0000000
1.2832823,-10.1423397,1.0000000
1.0303638,6.0766158,1.0000000
1.1208703,10.3898748,1.0000000
0.7789280,12.3436111,1.0000000
0.7870296,-4.5192688,1.0000000
0.9566612,-20.9058371,1.0000000
0.9929268,-10.6041209,1.0000000
1.0027977,-6.2327847,1.0000000
1.1375016,13.3743558,1.0000000
0.7787950,-8.5283616,1.0000000
1.2111562,6.5725930,1.0000000
0.9172150,-6.5453654,1.0000000
0.7784234,-12.0433218,1.0000000
1.0427814,3.6740769,1.0000000
1.2441218,2.2961774,1.0000000
0.8003484,6.7325109,1.0000000
1.1806558,6.6694328,1.0000000
0.9082831,7.0880013,1.0000000
0.7085480,6.0735033,1.0000000
0.9765233,-14.6136362,1.0000000
0.6302373,-4.4650701,1.0000000
1.6290221,-8.3006188,1.0000000
1.0183111,6.6480416,1.0000000
0.9485475,-15.3630285,1.0000000
0.9008833,0.2929909,1.0000000
0.9015652,12.5503267,1.0000000
1.0396765,10.9536400,1.0000000
1.1487297,-10.6038036,1.0000000
0.9942737,1.0991354,1.0000000
1.1887788,-2.2656108,1.0000000
1.0374773,14.6968524,1.0000000
1.0443917,1.4867870,1.0000000
0.6357187,2.4478986,1.0000000
1.2360574,0.8568751,1.0000000
0.8650211,6.4291223,1.0000000
0.9879336,-8.7181624,1.0000000
0.8847896,4.0321176,1.0000000
1.1384563,8.3817049,1.0000000
1.0869898,-7.1338792,1.0000000
0.5197228,-6.3311738,1.0000000
0.9124269,-0.9420344,1.0000000
0.9619534,17.4155196,1.0000000
1.3075459,10.1869637,1.0000000
0.9836895,-2.1632940,1.0000000
0.9348062,0.7504813,1.0000000
1.0240725,13.6137102,1.0000000
0.8763004,18.4415740,1.0000000
1.0846453,-10.0016546,1.0000000
0.8304549,3.0490807,1.0000000
1.1851320,3.1582444,1.0000000
0.6712794,-8.7578026,1.0000000
0.9578040,4.8804435,1.0000000
1.0711039,-10.1358461,1.0000000
0.9546877,7.5504033,1.0000000
0.7314314,1.6477056,1.0000000
0.8406197,13.1796825,1.0000000
1.4202778,-4.3561425,1.0000000
1.0581690,8.9364962,1.0000000
1.0568193,-20.6706991,1.0000000
0.6169987,12.9787793,1.0000000
0.8803742,15.5541740,1.0000000
0.9428926,-2.1165485,1.0000000
1.0773702,-11.3220557,1.0000000
1.1049548,6.0225545,1.0000000
1.0628381,1.4339707,1.0000000
1.4695015,-5.7092258,1.0000000
0.9410719,12.5439371,1.0000000
1.1830317,-21.5298362,1.0000000
1.1188724,-24.9459588,1.0000000
1.4097549,0.6231731,1.0000000
1.5219993,-8.3229566,1.0000000
1.2585935,21.6721592,1.0000000
1.3678890,15.7812891,1.0000000
1.0248230,14.5968919,1.0000000
0.8515964,-10.3905101,1.0000000
1.0788145,7.0375261,1.0000000
1.2089952,13.1797149,1.0000000
1.0153463,19.3668963,1.0000000
0.9902200,6.0235029,1.0000000
0.8406545,-11.3756291,1.0000000
0.7407634,1.7794747,1.0000000
1.2530726,-9.4498248,1.0000000
1.0362597,-6.0761082,1.0000000
1.0887043,-25.1914560,1.0000000
1.2877062,7.6863772,1.0000000
0.9986828,8.2873860,1.0000000
1.0599970,-3.9107941,1.0000000
0.5352710,3.2692124,1.0000000
0.8362924,18.7807966,1.0000000
0.9837791,1.3689889,1.0000000
0.8694806,-3.0454592,1.0000000
0.9995572,1.5113730,1.0000000
0.9638442,6.4643304,1.0000000
0.9146591,-9.8221447,1.0000000
0.8514883,-18.2994524,1.0000000
0.8826822,18.1190202,1.0000000
1.5398326,-6.8567312,1.0000000
0.8225626,2.7671730,1.0000000
1.2340086,-15.3226945,1.0000000
0.5571586,3.2132880,1.0000000
0.9191734,12.7119543,1.0000000
1.3075048,3.3386732,1.0000000
1.0658547,5.8762585,1.0000000
0.6749736,11.4291768,1.0000000
1.0051107,18.1927816,1.0000000
1.2160182,8.6597574,1.0000000
1.0516070,-11.0155722,1.0000000
1.0006563,-7.0814006,1.0000000
1.0136355,6.1383343,1.0000000
1.1209261,1.5218478,1.0000000
1.0200657,2.4675863,1.0000000
0.8431122,9.3649728,1.0000000
1.0144428,14.5647518,1.0000000
1.0005184,13.3619887,1.0000000
1.2198105,-6.6087125,1.0000000
0.7172058,-9.3999948,1.0000000
1.0995703,4.7941620,1.0000000
0.7657259,6.2280532,1.0000000
1.0770722,2.2264148,1.0000000
0.6711998,1.2927771,1.0000000
0.9782610,-5.0623063,1.0000000
1.1711685,-7.6528451,1.0000000
0.9480808,2.8550850,1.0000000
1.0375863,2.9256645,1.0000000
0.8925480,12.2515987,1.0000000
1.0787042,6.6829856,1.0000000
1.0187188,0.5818805,1.0000000
0.7942605,16.1742827,1.0000000
0.8376116,8.9156285,1.0000000
0.9279927,6.0411182,1.0000000
1.3222116,6.3513685,1.0000000
1.3463917,1.0287434,1.0000000
1.0269372,4.8910703,1.0000000
1.0275758,0.9038895,1.0000000
1.0273814,1.8669194,1.0000000
0.9989195,11.5204719,1.0000000
1.1739781,2.5120797,1.0000000
1.4320476,14.0068339,1.0000000
1.0541494,-4.2675761,1.0000000
0.9424826,-2.3011070,1.0000000
1.0107645,16.9568694,1.0000000
1.3548876,-1.6769014,1.0000000
0.8359523,-13.2226436,1.0000000
1.0306800,-1.3374776,1.0000000
0.8981587,-17.4446119,1.0000000
0.9848885,16.0113115,1.0000000
1.2290788,7.6844861,1.0000000
0.7996404,11.3337794,1.0000000
0.9003094,-6.2374202,1.0000000
1.3345339,-8.7584933,1.0000000
0.7732085,-5.3068095,1.0000000
0.9762021,-7.4825827,1.0000000
1.0299489,9.9433553,1.0000000
1.2610537,-10.9895768,1.0000000
1.1912125,5.4389803,1.0000000
1.2970702,-2.6784181,1.0000000
0.7802416,-1.9758094,1.0000000
0.6872619,13.1013706,1.0000000
0.6757094,-4.2944194,1.0000000
0.7420026,23.3817454,1.0000000
0.9782207,4.0915821,1.0000000
0.5813759,25.5355800,1.0000000
1.4660679,13.7284146,1.0000000
0.8735646,-0.0485846,1.0000000
1.1893091,-1.1279263,1.0000000
0.9036414,-8.9159167,1.0000000
1.2137988,-2.7292942,1.0000000
0.8988918,2.0432913,1.0000000
0.8864922,-5.1140505,1.0000000
0.8474046,-3.4033484,1.0000000
0.9231101,0.5941310,1.0000000
1.1437023,3.4270787,1.0000000
1.0180616,-28.3131909,1.0000000
0.9736972,6.3389481,1.0000000
0.9580310,17.0270776,1.0000000
1.3004162,-3.9844443,1.0000000
0.9631735,1.5584387,1.0000000
1.3399918,-16.6961460,1.0000000
1.1015209,6.7712660,1.0000000
1.3942976,-5.5103621,1.0000000
0.9491267,11.3945028,1.0000000
0.9580130,18.5574642,1.0000000
0.8525387,-10.5940674,1.0000000
1.0582693,-0.1132014,1.0000000
1.1972058,-15.5566516,1.0000000
0.6964188,-10.0832757,1.0000000
1.1488310,-0.8793782,1.0000000
1.1173513,5.5774250,1.0000000
1.1000259,-2.0201387,1.0000000
0.9522819,-21.7962512,1.0000000
1.1283144,4.1824444,1.0000000
0.9387181,-2.2904293,1.0000000
0.9549977,-7.4767377,1.0000000
0.8031558,13.8774568,1.0000000
1.3338255,16.2407415,1.0000000
0.7641248,-11.0034820,1.0000000
0.9661093,14.0888583,1.0000000
1.1211465,14.1948678,1.0000000
0.9143985,-12.1040240,1.0000000
1.0164976,20.7671536,1.0000000
0.7175857,-4.1999954,1.0000000
0.9906699,-8.5148935,1.0000000
1.0685577,8.0931035,1.0000000
1.0247307,9.0764394,1.0000000
0.7705775,-4.3950337,1.0000000
1.2344886,-13.3836244,1.0000000
0.9871871,5.6666556,1.0000000
1.2059687,-4.5278069,1.0000000
1.0934993,4.2389078,1.0000000
0.8228567,-17.7820004,1.0000000
0.9948422,8.1440271,1.0000000
